{
  "thetas_dict": {
    "Gryffindor": [
      -3.210527037227147,
      -0.5757850701482486,
      0.17200348889937445,
      -1.1700410282523623,
      -0.15810260930037548,
      0.7199534782173449,
      -0.06183396194373367,
      0.9301666699600841,
      -0.6799565814743981,
      -0.9441009324070542,
      -0.17917380962615553,
      0.047957120552440086,
      -0.296114326908053,
      0.8611106868617703
    ],
    "Hufflepuff": [
      -2.1699155129425973,
      0.22710698484598363,
      1.3376624775473043,
      1.4591001784089364,
      -1.4067479174981075,
      0.5479060541779951,
      -0.9294275888283423,
      -1.4397970964066438,
      0.8031202345594537,
      0.6160507388473621,
      -0.3036530890386981,
      -0.03414146629513839,
      -0.07614900167383354,
      -0.5151554381813985
    ],
    "Ravenclaw": [
      -2.4959015423720854,
      0.24344268230886423,
      -0.7965753259055572,
      0.65408530325904,
      0.7876257613449205,
      0.2850846144557374,
      1.1315879887279956,
      1.0113430823344032,
      0.07128571206501141,
      -0.04753951542427317,
      -0.015592228799647908,
      0.06133864187953568,
      1.0964616087609391,
      0.12993977477674812
    ],
    "Slytherin": [
      -3.4306936744656604,
      0.003079346460570272,
      -0.7596165870908326,
      -0.7777940264114599,
      0.7909886586476683,
      -1.5577902629673424,
      -0.334186459941119,
      -0.6573744257821512,
      -0.07684791530737342,
      0.5263844848142012,
      0.5791881876797605,
      -0.10713296294784944,
      -0.700884319054967,
      -0.5367282436503682
    ]
  },
  "houses": [
    "Gryffindor",
    "Hufflepuff",
    "Ravenclaw",
    "Slytherin"
  ],
  "subjects": [
    "Arithmancy",
    "Astronomy",
    "Herbology",
    "Defense Against the Dark Arts",
    "Divination",
    "Muggle Studies",
    "Ancient Runes",
    "History of Magic",
    "Transfiguration",
    "Potions",
    "Care of Magical Creatures",
    "Charms",
    "Flying"
  ],
  "mu": [
    49634.57024265648,
    39.7971308901647,
    1.141019529676806,
    -0.387863497441786,
    3.1539096732863516,
    -224.5899148634645,
    495.7479700591583,
    2.9630946151165927,
    1030.096946387131,
    5.950372992780078,
    -0.05342713670049628,
    -243.3744090125,
    21.958012499999985
  ],
  "sigma": [
    16496.361899782878,
    514.9047364298931,
    5.163925073157666,
    5.160402491384729,
    4.103030881423506,
    480.842332513923,
    105.08265387187234,
    4.364496027131785,
    43.639828823935765,
    3.1172102544701388,
    0.9589293997677879,
    8.780894559533113,
    97.6010874237569
  ]
}