{
  "thetas_dict": {
    "Gryffindor": [
      0.0,
      0.0,
      0.0,
      0.0,
      0.0,
      0.0,
      0.0,
      0.0,
      0.0,
      0.0,
      0.0,
      0.0,
      0.0,
      0.0
    ],
    "Hufflepuff": [
      0.0,
      0.0,
      0.0,
      0.0,
      0.0,
      0.0,
      0.0,
      0.0,
      0.0,
      0.0,
      0.0,
      0.0,
      0.0,
      0.0
    ],
    "Ravenclaw": [
      0.0,
      0.0,
      0.0,
      0.0,
      0.0,
      0.0,
      0.0,
      0.0,
      0.0,
      0.0,
      0.0,
      0.0,
      0.0,
      0.0
    ],
    "Slytherin": [
      0.0,
      0.0,
      0.0,
      0.0,
      0.0,
      0.0,
      0.0,
      0.0,
      0.0,
      0.0,
      0.0,
      0.0,
      0.0,
      0.0
    ]
  },
  "houses": [
    "Gryffindor",
    "Hufflepuff",
    "Ravenclaw",
    "Slytherin"
  ],
  "subjects": [
    "Arithmancy",
    "Astronomy",
    "Herbology",
    "Defense Against the Dark Arts",
    "Divination",
    "Muggle Studies",
    "Ancient Runes",
    "History of Magic",
    "Transfiguration",
    "Potions",
    "Care of Magical Creatures",
    "Charms",
    "Flying"
  ],
  "mu": [
    49634.57024265648,
    39.7971308901647,
    1.141019529676806,
    -0.387863497441786,
    3.1539096732863516,
    -224.5899148634645,
    495.7479700591583,
    2.9630946151165927,
    1030.096946387131,
    5.950372992780078,
    -0.05342713670049628,
    -243.3744090125,
    21.958012499999985
  ],
  "sigma": [
    16496.361899782878,
    514.9047364298931,
    5.163925073157666,
    5.160402491384729,
    4.103030881423506,
    480.842332513923,
    105.08265387187234,
    4.364496027131785,
    43.639828823935765,
    3.1172102544701388,
    0.9589293997677879,
    8.780894559533113,
    97.6010874237569
  ]
}